<application>
  <component name="GraziConfig">
    <option name="suppressingContext">
      <SuppressingContext>
        <option name="suppressed">
          <set>
            <option value="are any missing required fields" />
          </set>
        </option>
      </SuppressingContext>
    </option>
    <option name="detectionContext">
      <State>
        <option name="disabled">
          <set>
            <option value="SWEDISH" />
          </set>
        </option>
      </State>
    </option>
    <option name="checkingContext">
      <CheckingContext>
        <option name="isCheckInStringLiteralsEnabled" value="true" />
      </CheckingContext>
    </option>
  </component>
</application>